S_su,S_aa,S_fa,S_va,S_bu,S_pro,S_ac,S_h2,S_ch4,S_co2,S_nh4,S_I,X_xc,X_ch,X_pr,X_li,X_su,X_aa,X_fa,X_c4,X_pro,X_ac,X_h2,X_I,X_p,S_cation,S_anion,S_va_ion,S_bu_ion,S_pro_ion,S_ac_ion,S_hco3_ion,S_nh3,pi_Sh2,pi_Sch4,pi_Sco2,pTOTAL
0.006504220750169406,0.0028665186617960366,0.04740153520668012,0.004885564921668945,0.009823509322270111,0.03536489990372046,0.12871625109531537,1.367156473875638e-07,0.058714588726369206,0.011717938476765298,0.19841817480210772,12.227544412608276,27.478908710161605,0.9964030191401293,0.19419706146540644,0.06330909198315056,8.265320662782626,1.307162764943237,0.30829613732420413,1.0259102941137281,0.9173004566736338,3.2811821301778874,1.7319020972021815,38.957704469866975,1.6868455499089157,7.022032958279749e-20,-4.16547396219383e-23,0.004874803856182242,0.009803808403133454,0.03528894889734681,0.1285324876774964,0.19600940828609115,0.008960479845230355,7.019769944278691e-06,0.5596524828144459,0.42488226833500675,0.9845417709193978
