S_su,S_aa,S_fa,S_va,S_bu,S_pro,S_ac,S_h2,S_ch4,S_co2,S_nh4,S_I,X_xc,X_ch,X_pr,X_li,X_su,X_aa,X_fa,X_c4,X_pro,X_ac,X_h2,X_I,X_p,S_cation,S_anion,S_va_ion,S_bu_ion,S_pro_ion,S_ac_ion,S_hco3_ion,S_nh3,pi_Sh2,pi_Sch4,pi_Sco2,pTOTAL
0.00550028590901553,0.002456741454460767,0.03982450427765055,0.005225603587092104,0.010105334614788202,0.02814467646871361,0.9645140119140653,1.0757580661875195e-07,0.05561365193060324,0.011686967519409031,0.243541796147353,10.738000009856256,18.01495491295613,0.6520105447430736,0.14193098463132947,0.04726722398693211,7.807783428328545,1.3610854161061299,0.3279094338475563,1.0124745770543753,0.87668498153481,3.1687076453749157,1.6635403590091649,38.29395903172644,2.0455605435606548,-3.197027502385663e-20,-5.15672342206015e-19,0.005215743446812969,0.010087941818042142,0.028093681726398735,0.9631075653075298,0.22815350323989997,0.012826287844275539,5.94283363950654e-06,0.5594092500216549,0.4250832357685718,0.9844984286238839
