S_su,S_aa,S_fa,S_va,S_bu,S_pro,S_ac,S_h2,S_ch4,S_co2,S_nh4,S_I,X_xc,X_ch,X_pr,X_li,X_su,X_aa,X_fa,X_c4,X_pro,X_ac,X_h2,X_I,X_p,S_cation,S_anion,S_va_ion,S_bu_ion,S_pro_ion,S_ac_ion,S_hco3_ion,S_nh3,pi_Sh2,pi_Sch4,pi_Sco2,pTOTAL
0.006500243751554694,0.0028650671020402758,0.047378710191500376,0.00488283797022817,0.009817946667924765,0.03533702487759378,0.1290708489461467,1.366328947120042e-07,0.058768397014436494,0.011725849588301291,0.19873530310872115,12.227808689970761,27.478930966280345,0.3186362606850542,0.062102048011241195,0.020245578271498834,8.306093782543725,1.313486528987533,0.3097661339455023,1.03091110251422,0.9217499055387963,3.296912735975561,1.74041000642864,38.958106245742904,1.6919475621336915,1.3319286351236094e-20,5.0477720306170967e-20,0.004872092220697819,0.00979827400496803,0.035261209460753555,0.12888670257870544,0.196321295911071,0.008983426308985232,7.002636112977341e-06,0.5594012982898995,0.42513459984984536,0.9845429007758988
